{
  "checkpoint": "qmm",
  "arch": null,
  "dataset": "both",
  "split": null,
  "device": "cpu",
  "model": {
    "param_count": 11503445,
    "param_count_M": 11.503445,
    "ram_gb": 0.011649869140625,
    "total_mb": 11.929466
  },
  "compute": {
    "gflops_forward": 24.69134336,
    "gflops_note": "same as FP32 baseline (op count invariant under quantization)"
  },
  "latency": {
    "frames_after_warmup": 36510,
    "warmup_frames": 10,
    "total_ms_per_frame": 20.400538474441383,
    "total_ms_std": 1.1279816559906461,
    "stages_ms": {},
    "fps": 49.01831396523382,
    "protocol_note": "Per-real-frame timing across FreiHAND eval+train at batch 1, 10-frame warm-up. Identical protocol to FP32 path (evaluate_detnet.LatencyAccumulator)."
  },
  "memory": {
    "peak_inference_gb": null,
    "peak_source": "CPU"
  },
  "splits": {
    "freihand_eval": {
      "n_frames": 3960,
      "mpjpe": 0.1546980550493857,
      "pck_taus": [
        0.0,
        1.0,
        2.0,
        3.0,
        4.0,
        5.0,
        6.0,
        7.0,
        8.0,
        9.0,
        10.0,
        11.0,
        12.0,
        13.0,
        14.0,
        15.0,
        16.0,
        17.0,
        18.0,
        19.0,
        20.0,
        21.0,
        22.0,
        23.0,
        24.0,
        25.0,
        26.0,
        27.0,
        28.0,
        29.0,
        30.0
      ],
      "pck_curve": [
        0.0,
        1.2277537277537278,
        4.639249639249639,
        9.665704665704666,
        15.966810966810968,
        23.385040885040887,
        31.642616642616645,
        40.19240019240019,
        47.85113035113035,
        54.37830687830688,
        59.71741221741221,
        64.11736411736412,
        67.77176527176528,
        70.85016835016835,
        73.46440596440597,
        75.64574314574315,
        77.47835497835499,
        79.11135161135161,
        80.52549302549302,
        81.78330928330928,
        82.92448292448292,
        83.95262145262146,
        84.91822991822991,
        85.7900432900433,
        86.6017316017316,
        87.37253487253487,
        88.04112554112554,
        88.69408369408369,
        89.32659932659934,
        89.96632996632997,
        90.48701298701299
      ],
      "auc_pck": 62.40818903318904
    },
    "freihand_train": {
      "n_frames": 32560,
      "mpjpe": 0.15457644685382066,
      "pck_taus": [
        0.0,
        1.0,
        2.0,
        3.0,
        4.0,
        5.0,
        6.0,
        7.0,
        8.0,
        9.0,
        10.0,
        11.0,
        12.0,
        13.0,
        14.0,
        15.0,
        16.0,
        17.0,
        18.0,
        19.0,
        20.0,
        21.0,
        22.0,
        23.0,
        24.0,
        25.0,
        26.0,
        27.0,
        28.0,
        29.0,
        30.0
      ],
      "pck_curve": [
        0.0,
        1.3207850707850708,
        4.646805896805897,
        9.73016848016848,
        16.15683865683866,
        23.58151983151983,
        31.713612963612963,
        39.72607347607347,
        46.76538551538552,
        52.88536913536913,
        58.05867555867555,
        62.558061308061305,
        66.41716391716392,
        69.70647595647596,
        72.46840996840996,
        74.8565286065286,
        76.93708318708319,
        78.77296127296127,
        80.3514391014391,
        81.749882999883,
        83.01480051480051,
        84.1472153972154,
        85.16350766350766,
        86.07098982098982,
        86.9100269100269,
        87.69816894816896,
        88.41260091260091,
        89.0897390897391,
        89.72080847080846,
        90.28460278460278,
        90.81402831402832
      ],
      "auc_pck": 62.14409051909051
    }
  }
}