{
  "timestamp": "2026-06-06T03:02:04",
  "checkpoint": "checkpoints_finetuned/l1_40pct/ft_l1_40pct_rhdbest.pth",
  "arch": "pruned_architectures/detnet_l1_40pct_ep71_noft.pth",
  "dataset": "both",
  "split": "eval",
  "device": "cpu",
  "max_samples": 999999,
  "tau_min": 0,
  "tau_max": 30,
  "model": {
    "param_count": 4124747,
    "param_count_M": 4.124747,
    "ram_gb": 0.016575292,
    "total_mb": 16.575292
  },
  "compute": {
    "gflops_forward": 8.884568064,
    "gflops_note": "thop"
  },
  "latency": {
    "frames_profiled": 36520,
    "frames_after_warmup": 36510,
    "warmup_frames": 10,
    "stages_ms": {
      "feature_extractor": 30.657048666542607,
      "heatmap": 1.474549676356309,
      "uv_extraction": 0.2788478062189432,
      "uv_to_pixels": 0.049572897783165044
    },
    "stages_ms_std": {
      "feature_extractor": 1.6997002504742744,
      "heatmap": 0.11113831439338147,
      "uv_extraction": 0.021267626684691916,
      "uv_to_pixels": 0.007788538491973289
    },
    "total_ms_per_frame": 32.460019046901024,
    "total_ms_std": 1.7530906092167153,
    "fps": 30.80712918113554
  },
  "memory": {
    "peak_inference_gb": 4.0624e-05,
    "peak_source": "CPU RAM"
  },
  "splits": {
    "freihand_eval": {
      "n_frames": 3960,
      "mpjpe": 0.1224678021526397,
      "pck_taus": [
        0.0,
        1.0,
        2.0,
        3.0,
        4.0,
        5.0,
        6.0,
        7.0,
        8.0,
        9.0,
        10.0,
        11.0,
        12.0,
        13.0,
        14.0,
        15.0,
        16.0,
        17.0,
        18.0,
        19.0,
        20.0,
        21.0,
        22.0,
        23.0,
        24.0,
        25.0,
        26.0,
        27.0,
        28.0,
        29.0,
        30.0
      ],
      "pck_curve": [
        0.0,
        1.4778739778739778,
        5.621693121693121,
        11.703944203944204,
        19.567099567099568,
        28.6976911976912,
        38.31409331409331,
        48.38985088985089,
        56.785714285714285,
        63.7025012025012,
        69.12578162578163,
        73.63275613275613,
        77.13684463684464,
        79.95550745550746,
        82.24386724386724,
        84.14021164021163,
        85.66137566137566,
        87.06108706108706,
        88.22991822991823,
        89.18831168831169,
        90.00962000962001,
        90.72751322751323,
        91.41293891293891,
        91.996151996152,
        92.48436748436748,
        92.98941798941799,
        93.42352092352093,
        93.84439634439634,
        94.1955266955267,
        94.54184704184703,
        94.84247234247233
      ],
      "auc_pck": 68.78942199775533
    },
    "freihand_train": {
      "n_frames": 32560,
      "mpjpe": 0.1216992824106118,
      "pck_taus": [
        0.0,
        1.0,
        2.0,
        3.0,
        4.0,
        5.0,
        6.0,
        7.0,
        8.0,
        9.0,
        10.0,
        11.0,
        12.0,
        13.0,
        14.0,
        15.0,
        16.0,
        17.0,
        18.0,
        19.0,
        20.0,
        21.0,
        22.0,
        23.0,
        24.0,
        25.0,
        26.0,
        27.0,
        28.0,
        29.0,
        30.0
      ],
      "pck_curve": [
        0.0,
        1.6238153738153738,
        5.749824499824499,
        11.96165321165321,
        19.816456066456066,
        28.746051246051245,
        38.4006084006084,
        47.72405522405522,
        55.62653562653562,
        62.28691353691354,
        67.7044577044577,
        72.2500585000585,
        76.05314730314731,
        79.13668538668539,
        81.5985140985141,
        83.6485023985024,
        85.3925353925354,
        86.86556686556686,
        88.1107406107406,
        89.17120042120042,
        90.07722007722008,
        90.86375336375336,
        91.57482157482157,
        92.1879021879022,
        92.74745524745525,
        93.24909324909325,
        93.70597870597871,
        94.12454662454662,
        94.50918450918451,
        94.85228735228736,
        95.17111267111267
      ],
      "auc_pck": 68.5781707031707
    }
  }
}