{
  "timestamp": "2026-06-06T03:29:51",
  "checkpoint": "checkpoints_finetuned/l1_70pct/ft_l1_70pct_rhdbest.pth",
  "arch": "pruned_architectures/detnet_l1_70pct_ep71_noft.pth",
  "dataset": "both",
  "split": "eval",
  "device": "cpu",
  "max_samples": 999999,
  "tau_min": 0,
  "tau_max": 30,
  "model": {
    "param_count": 1030313,
    "param_count_M": 1.030313,
    "ram_gb": 0.00415962,
    "total_mb": 4.15962
  },
  "compute": {
    "gflops_forward": 2.2414336,
    "gflops_note": "thop"
  },
  "latency": {
    "frames_profiled": 36520,
    "frames_after_warmup": 36510,
    "warmup_frames": 10,
    "stages_ms": {
      "feature_extractor": 14.468479416909252,
      "heatmap": 0.7078054503479555,
      "uv_extraction": 0.27501914544085615,
      "uv_to_pixels": 0.04654996167810726
    },
    "stages_ms_std": {
      "feature_extractor": 1.1957782717504846,
      "heatmap": 0.171123394512069,
      "uv_extraction": 0.08551860308424544,
      "uv_to_pixels": 0.018202618997604777
    },
    "total_ms_per_frame": 15.497853974376172,
    "total_ms_std": 1.2396212643528022,
    "fps": 64.52506273793644
  },
  "memory": {
    "peak_inference_gb": 4.0624e-05,
    "peak_source": "CPU RAM"
  },
  "splits": {
    "freihand_eval": {
      "n_frames": 3960,
      "mpjpe": 0.16146318491435413,
      "pck_taus": [
        0.0,
        1.0,
        2.0,
        3.0,
        4.0,
        5.0,
        6.0,
        7.0,
        8.0,
        9.0,
        10.0,
        11.0,
        12.0,
        13.0,
        14.0,
        15.0,
        16.0,
        17.0,
        18.0,
        19.0,
        20.0,
        21.0,
        22.0,
        23.0,
        24.0,
        25.0,
        26.0,
        27.0,
        28.0,
        29.0,
        30.0
      ],
      "pck_curve": [
        0.0,
        1.32996632996633,
        4.847282347282348,
        9.927849927849929,
        16.307118807118805,
        23.547378547378546,
        31.414141414141415,
        39.4997594997595,
        46.589706589706594,
        52.539682539682545,
        57.42183742183742,
        61.599326599326595,
        65.38480038480039,
        68.44396344396344,
        71.07142857142857,
        73.22390572390573,
        75.12025012025012,
        76.76527176527176,
        78.32611832611832,
        79.68855218855218,
        81.02092352092352,
        82.0995670995671,
        83.24915824915826,
        84.26406926406926,
        85.15752765752765,
        86.01731601731602,
        86.7905242905243,
        87.47474747474747,
        88.17460317460318,
        88.78066378066379,
        89.35786435786436
      ],
      "auc_pck": 61.025212441879106
    },
    "freihand_train": {
      "n_frames": 32560,
      "mpjpe": 0.1518385607209766,
      "pck_taus": [
        0.0,
        1.0,
        2.0,
        3.0,
        4.0,
        5.0,
        6.0,
        7.0,
        8.0,
        9.0,
        10.0,
        11.0,
        12.0,
        13.0,
        14.0,
        15.0,
        16.0,
        17.0,
        18.0,
        19.0,
        20.0,
        21.0,
        22.0,
        23.0,
        24.0,
        25.0,
        26.0,
        27.0,
        28.0,
        29.0,
        30.0
      ],
      "pck_curve": [
        0.0,
        1.390838890838891,
        4.952322452322452,
        10.249941499941501,
        16.84055809055809,
        24.36863811863812,
        32.58277758277758,
        40.546244296244296,
        47.4524687024687,
        53.37984087984088,
        58.4463846963847,
        62.86343161343161,
        66.63112788112788,
        69.84746109746109,
        72.53232128232128,
        74.85916110916111,
        76.92582192582192,
        78.73376623376623,
        80.3455890955891,
        81.76860301860302,
        83.04551304551305,
        84.19284544284544,
        85.25418275418275,
        86.21299871299871,
        87.0843570843571,
        87.88229788229788,
        88.63724113724115,
        89.31701181701182,
        89.94296244296244,
        90.54492804492804,
        91.10053235053235
      ],
      "auc_pck": 62.41273010023009
    }
  }
}