{
  "timestamp": "2026-06-06T02:15:01",
  "checkpoint": "checkpoints_finetuned/l1_10pct/ft_l1_10pct_rhdbest.pth",
  "arch": "pruned_architectures/detnet_l1_10pct_ep71_noft.pth",
  "dataset": "both",
  "split": "eval",
  "device": "cpu",
  "max_samples": 999999,
  "tau_min": 0,
  "tau_max": 30,
  "model": {
    "param_count": 9292824,
    "param_count_M": 9.292824,
    "ram_gb": 0.03728556,
    "total_mb": 37.28556
  },
  "compute": {
    "gflops_forward": 19.948705792,
    "gflops_note": "thop"
  },
  "latency": {
    "frames_profiled": 36520,
    "frames_after_warmup": 36510,
    "warmup_frames": 10,
    "stages_ms": {
      "feature_extractor": 55.41175164851676,
      "heatmap": 2.6773125229462558,
      "uv_extraction": 0.29476438225235485,
      "uv_to_pixels": 0.05230393575239642
    },
    "stages_ms_std": {
      "feature_extractor": 2.1025974477642575,
      "heatmap": 0.10287376063984602,
      "uv_extraction": 0.020922693722438584,
      "uv_to_pixels": 0.007149750883405288
    },
    "total_ms_per_frame": 58.43613248946777,
    "total_ms_std": 2.1397680028779074,
    "fps": 17.112699923805447
  },
  "memory": {
    "peak_inference_gb": 4.0624e-05,
    "peak_source": "CPU RAM"
  },
  "splits": {
    "freihand_eval": {
      "n_frames": 3960,
      "mpjpe": 0.11550692130406999,
      "pck_taus": [
        0.0,
        1.0,
        2.0,
        3.0,
        4.0,
        5.0,
        6.0,
        7.0,
        8.0,
        9.0,
        10.0,
        11.0,
        12.0,
        13.0,
        14.0,
        15.0,
        16.0,
        17.0,
        18.0,
        19.0,
        20.0,
        21.0,
        22.0,
        23.0,
        24.0,
        25.0,
        26.0,
        27.0,
        28.0,
        29.0,
        30.0
      ],
      "pck_curve": [
        0.0,
        1.5043290043290043,
        5.681818181818182,
        11.982924482924483,
        20.01082251082251,
        29.295334295334296,
        39.33261183261183,
        49.51298701298701,
        58.27922077922077,
        65.33189033189034,
        71.01851851851852,
        75.496632996633,
        79.16185666185666,
        82.04064454064454,
        84.27248677248677,
        86.11471861471861,
        87.60942760942761,
        88.9057239057239,
        89.95911495911496,
        90.85858585858585,
        91.68109668109669,
        92.31962481962482,
        92.8944203944204,
        93.4114959114959,
        93.84559884559884,
        94.28932178932179,
        94.64766714766715,
        95.0012025012025,
        95.31746031746032,
        95.61568061568062,
        95.87542087542089
      ],
      "auc_pck": 70.11103094436427
    },
    "freihand_train": {
      "n_frames": 32560,
      "mpjpe": 0.11718766041590857,
      "pck_taus": [
        0.0,
        1.0,
        2.0,
        3.0,
        4.0,
        5.0,
        6.0,
        7.0,
        8.0,
        9.0,
        10.0,
        11.0,
        12.0,
        13.0,
        14.0,
        15.0,
        16.0,
        17.0,
        18.0,
        19.0,
        20.0,
        21.0,
        22.0,
        23.0,
        24.0,
        25.0,
        26.0,
        27.0,
        28.0,
        29.0,
        30.0
      ],
      "pck_curve": [
        0.0,
        1.5416227916227916,
        5.495495495495495,
        11.585059085059084,
        19.41134316134316,
        28.414502164502164,
        38.22262197262197,
        47.83301158301158,
        56.00766350766351,
        62.9051129051129,
        68.50766350766351,
        73.22934947934948,
        77.13700713700715,
        80.31019656019656,
        82.87132912132911,
        84.995904995905,
        86.77167427167427,
        88.2504095004095,
        89.47920322920324,
        90.51962676962677,
        91.38806013806014,
        92.15514215514216,
        92.80580905580905,
        93.38086463086464,
        93.88484263484264,
        94.33807183807184,
        94.74757224757224,
        95.0979875979876,
        95.44182169182169,
        95.73022698022699,
        96.00488475488476
      ],
      "auc_pck": 69.34872128622128
    }
  }
}