{
  "timestamp": "2026-06-06T02:40:15",
  "checkpoint": "checkpoints_finetuned/l1_25pct/ft_l1_25pct_rhdbest.pth",
  "arch": "pruned_architectures/detnet_l1_25pct_ep71_noft.pth",
  "dataset": "both",
  "split": "eval",
  "device": "cpu",
  "max_samples": 999999,
  "tau_min": 0,
  "tau_max": 30,
  "model": {
    "param_count": 6480261,
    "param_count_M": 6.480261,
    "ram_gb": 0.026016508,
    "total_mb": 26.016508
  },
  "compute": {
    "gflops_forward": 13.936754688,
    "gflops_note": "thop"
  },
  "latency": {
    "frames_profiled": 36520,
    "frames_after_warmup": 36510,
    "warmup_frames": 10,
    "stages_ms": {
      "feature_extractor": 35.64406066819958,
      "heatmap": 2.0086199427461002,
      "uv_extraction": 0.2828852997492551,
      "uv_to_pixels": 0.04994513045614307
    },
    "stages_ms_std": {
      "feature_extractor": 1.8232283936605351,
      "heatmap": 0.10588577738436429,
      "uv_extraction": 0.020213368639124287,
      "uv_to_pixels": 0.007487000462672254
    },
    "total_ms_per_frame": 37.98551104115108,
    "total_ms_std": 1.8677704317917248,
    "fps": 26.32582720597503
  },
  "memory": {
    "peak_inference_gb": 4.0624e-05,
    "peak_source": "CPU RAM"
  },
  "splits": {
    "freihand_eval": {
      "n_frames": 3960,
      "mpjpe": 0.11885329612784765,
      "pck_taus": [
        0.0,
        1.0,
        2.0,
        3.0,
        4.0,
        5.0,
        6.0,
        7.0,
        8.0,
        9.0,
        10.0,
        11.0,
        12.0,
        13.0,
        14.0,
        15.0,
        16.0,
        17.0,
        18.0,
        19.0,
        20.0,
        21.0,
        22.0,
        23.0,
        24.0,
        25.0,
        26.0,
        27.0,
        28.0,
        29.0,
        30.0
      ],
      "pck_curve": [
        0.0,
        1.6378066378066376,
        5.977633477633478,
        12.424242424242424,
        20.615680615680613,
        29.87614237614238,
        39.73905723905724,
        49.7065897065897,
        58.20947570947571,
        65.08898508898508,
        70.64093314093314,
        74.9891774891775,
        78.4090909090909,
        81.14478114478115,
        83.33814333814334,
        85.15873015873015,
        86.66666666666667,
        87.97138047138047,
        89.02477152477152,
        89.93145743145743,
        90.76358826358828,
        91.44781144781145,
        92.0947570947571,
        92.62265512265512,
        93.13371813371813,
        93.55339105339105,
        93.93097643097643,
        94.2977392977393,
        94.65488215488216,
        94.96632996632997,
        95.24771524771525
      ],
      "auc_pck": 69.65468173801507
    },
    "freihand_train": {
      "n_frames": 32560,
      "mpjpe": 0.11932882064872213,
      "pck_taus": [
        0.0,
        1.0,
        2.0,
        3.0,
        4.0,
        5.0,
        6.0,
        7.0,
        8.0,
        9.0,
        10.0,
        11.0,
        12.0,
        13.0,
        14.0,
        15.0,
        16.0,
        17.0,
        18.0,
        19.0,
        20.0,
        21.0,
        22.0,
        23.0,
        24.0,
        25.0,
        26.0,
        27.0,
        28.0,
        29.0,
        30.0
      ],
      "pck_curve": [
        0.0,
        1.6685679185679185,
        5.944337194337194,
        12.36033111033111,
        20.464636714636715,
        29.605855855855857,
        39.361618111618114,
        48.75599625599625,
        56.651456651456655,
        63.259038259038256,
        68.56952731952732,
        73.06262431262431,
        76.79083304083304,
        79.82332982332983,
        82.28033228033227,
        84.31613431613431,
        86.05080730080729,
        87.50511875511876,
        88.72279747279748,
        89.75225225225225,
        90.62390312390313,
        91.4051714051714,
        92.08230958230959,
        92.67228267228266,
        93.20668070668071,
        93.68199368199367,
        94.11664911664911,
        94.50128700128701,
        94.85974610974611,
        95.19919269919271,
        95.49125424125424
      ],
      "auc_pck": 69.1680146055146
    }
  }
}