{
  "checkpoint": "qmse",
  "arch": null,
  "dataset": "both",
  "split": null,
  "device": "cpu",
  "model": {
    "param_count": 11503445,
    "param_count_M": 11.503445,
    "ram_gb": 0.011649869140625,
    "total_mb": 11.929466
  },
  "compute": {
    "gflops_forward": 24.69134336,
    "gflops_note": "same as FP32 baseline (op count invariant under quantization)"
  },
  "latency": {
    "frames_after_warmup": 36510,
    "warmup_frames": 10,
    "total_ms_per_frame": 20.217958726510517,
    "total_ms_std": 1.0818821831706864,
    "stages_ms": {},
    "fps": 49.46097741750575,
    "protocol_note": "Per-real-frame timing across FreiHAND eval+train at batch 1, 10-frame warm-up. Identical protocol to FP32 path (evaluate_detnet.LatencyAccumulator)."
  },
  "memory": {
    "peak_inference_gb": null,
    "peak_source": "CPU"
  },
  "splits": {
    "freihand_eval": {
      "n_frames": 3960,
      "mpjpe": 0.12527883399861178,
      "pck_taus": [
        0.0,
        1.0,
        2.0,
        3.0,
        4.0,
        5.0,
        6.0,
        7.0,
        8.0,
        9.0,
        10.0,
        11.0,
        12.0,
        13.0,
        14.0,
        15.0,
        16.0,
        17.0,
        18.0,
        19.0,
        20.0,
        21.0,
        22.0,
        23.0,
        24.0,
        25.0,
        26.0,
        27.0,
        28.0,
        29.0,
        30.0
      ],
      "pck_curve": [
        0.0,
        1.479076479076479,
        5.518278018278018,
        11.463443963443963,
        19.04641654641655,
        27.57816257816258,
        37.00456950456951,
        46.52597402597402,
        54.861712361712364,
        61.82539682539683,
        67.49158249158249,
        72.11399711399712,
        75.8044733044733,
        78.8059163059163,
        81.26142376142376,
        83.3032708032708,
        84.99759499759499,
        86.44781144781145,
        87.66835016835017,
        88.70490620490621,
        89.66209716209717,
        90.43169793169793,
        91.07263107263107,
        91.71957671957672,
        92.24627224627224,
        92.71164021164022,
        93.16257816257816,
        93.60990860990862,
        93.98749398749399,
        94.37469937469938,
        94.7029822029822
      ],
      "auc_pck": 68.07441478274812
    },
    "freihand_train": {
      "n_frames": 32560,
      "mpjpe": 0.12648298629652252,
      "pck_taus": [
        0.0,
        1.0,
        2.0,
        3.0,
        4.0,
        5.0,
        6.0,
        7.0,
        8.0,
        9.0,
        10.0,
        11.0,
        12.0,
        13.0,
        14.0,
        15.0,
        16.0,
        17.0,
        18.0,
        19.0,
        20.0,
        21.0,
        22.0,
        23.0,
        24.0,
        25.0,
        26.0,
        27.0,
        28.0,
        29.0,
        30.0
      ],
      "pck_curve": [
        0.0,
        1.554931554931555,
        5.461565461565462,
        11.38016263016263,
        18.8512051012051,
        27.395431145431143,
        36.63639288639289,
        45.66031941031941,
        53.436439686439684,
        60.007166257166254,
        65.48467298467298,
        70.12080262080262,
        74.01310401310401,
        77.26804726804727,
        79.91341991341992,
        82.1409558909559,
        84.02261027261028,
        85.61571311571312,
        86.96779571779571,
        88.12960687960688,
        89.1419503919504,
        90.0431437931438,
        90.81987831987833,
        91.52421902421902,
        92.15367965367966,
        92.71908271908272,
        93.23022698022699,
        93.67175617175617,
        94.0862290862291,
        94.48183573183573,
        94.8395635895636
      ],
      "auc_pck": 67.44507088257089
    }
  }
}