{
  "checkpoint": "new_check_point/ckp_detnet_71.pth",
  "params": 11503445,
  "size_mb": 44.0882511138916,
  "latency_ms": 72.70692466809932,
  "latency_std_ms": 4.7591199789044545,
  "num_threads": 8,
  "max_samples": 1980,
  "metrics": {
    "freihand_eval": {
      "n_frames": 1980,
      "mpjpe": 0.04510861092124774,
      "auc_pck": 95.79024370691037,
      "pck20": 90.46416546416548,
      "pck50": 98.54256854256855
    },
    "freihand_train": {
      "n_frames": 1980,
      "mpjpe": 0.0444707796104591,
      "auc_pck": 96.49699374699372,
      "pck20": 91.26262626262627,
      "pck50": 98.86964886964887
    },
    "freihand_all": {
      "n_frames": 3960,
      "mpjpe": 0.04478969526585342,
      "auc_pck": 96.14361872695207,
      "pck20": 90.86339586339587,
      "pck50": 98.70610870610871
    }
  }
}