{
  "timestamp": "2026-06-06T06:04:56",
  "checkpoint": "mediapipe_hands",
  "arch": null,
  "dataset": "both",
  "split": "eval",
  "device": "CPU (MediaPipe tflite)",
  "max_samples": 999999,
  "tau_min": 0,
  "tau_max": 30,
  "model": {
    "param_count": null,
    "param_count_M": null,
    "ram_gb": null,
    "total_mb": 7.819105,
    "note": "MediaPipe Hands is a closed tflite graph; param/FLOP counts are not extractable via thop."
  },
  "compute": {
    "gflops_forward": null,
    "gflops_note": "N/A for MediaPipe tflite"
  },
  "latency": {
    "frames_profiled": 36520,
    "frames_after_warmup": 36510,
    "warmup_frames": 10,
    "total_ms_per_frame": 14.921414250691868,
    "total_ms_std": 2.3831170385814,
    "fps": 67.01777614368106,
    "timing_method": "perf_counter (CPU, process() only)"
  },
  "memory": {
    "peak_inference_gb": null,
    "peak_source": "N/A"
  },
  "splits": {
    "freihand_eval": {
      "n_frames": 3597,
      "n_attempted": 3960,
      "n_detected": 3597,
      "detection_rate": 0.9083333333333333,
      "mpjpe": 0.10598306777667744,
      "pck_taus": [
        0.0,
        1.0,
        2.0,
        3.0,
        4.0,
        5.0,
        6.0,
        7.0,
        8.0,
        9.0,
        10.0,
        11.0,
        12.0,
        13.0,
        14.0,
        15.0,
        16.0,
        17.0,
        18.0,
        19.0,
        20.0,
        21.0,
        22.0,
        23.0,
        24.0,
        25.0,
        26.0,
        27.0,
        28.0,
        29.0,
        30.0
      ],
      "pck_curve": [
        0.0,
        2.4822272528694547,
        9.566172868925163,
        19.390497372148747,
        30.030316268848377,
        40.32063756834399,
        49.45523385890358,
        57.056806598091,
        63.40204138369276,
        68.48431894303454,
        72.75639752703972,
        76.2341633901267,
        79.09898460357176,
        81.593126547255,
        83.80661132954711,
        85.66662695103062,
        87.28040562902947,
        88.6916345631942,
        89.85000728119994,
        90.84554589141746,
        91.68486966652104,
        92.40372267895204,
        93.02593431033797,
        93.57136237870182,
        94.02279677509036,
        94.41465771741001,
        94.7906324053113,
        95.11630062088777,
        95.41946330937157,
        95.69879661622781,
        95.97548221401433
      ],
      "auc_pck": 72.1382677804696
    },
    "freihand_train": {
      "n_frames": 26497,
      "n_attempted": 32560,
      "n_detected": 26497,
      "detection_rate": 0.8137899262899263,
      "mpjpe": 0.12321298882660753,
      "pck_taus": [
        0.0,
        1.0,
        2.0,
        3.0,
        4.0,
        5.0,
        6.0,
        7.0,
        8.0,
        9.0,
        10.0,
        11.0,
        12.0,
        13.0,
        14.0,
        15.0,
        16.0,
        17.0,
        18.0,
        19.0,
        20.0,
        21.0,
        22.0,
        23.0,
        24.0,
        25.0,
        26.0,
        27.0,
        28.0,
        29.0,
        30.0
      ],
      "pck_curve": [
        0.0,
        2.0016641596443083,
        7.519269926334878,
        15.359510600481277,
        24.15673292753717,
        33.05154042596018,
        41.51988455117111,
        49.13871651238145,
        55.69615248446814,
        61.282409329358046,
        65.92678056994772,
        69.85876208807107,
        73.21943005227905,
        76.0686295124156,
        78.55947753294623,
        80.72000963271672,
        82.61977546424842,
        84.30586032201309,
        85.78221793302745,
        87.07598524181533,
        88.22687923340827,
        89.22771131323043,
        90.10561842580562,
        90.88773751565766,
        91.57334972332897,
        92.2019923189867,
        92.75533438646244,
        93.25458227975494,
        93.72004377854097,
        94.15549289497284,
        94.52534608590011
      ],
      "auc_pck": 67.90780747266389
    }
  }
}