{
  "timestamp": "2026-06-06T05:22:57",
  "checkpoint": "checkpoints_finetuned/taylor_70pct/ft_taylor_70pct_rhdbest.pth",
  "arch": "pruned_architectures/detnet_taylor_70pct_ep71_noft.pth",
  "dataset": "both",
  "split": "eval",
  "device": "cpu",
  "max_samples": 999999,
  "tau_min": 0,
  "tau_max": 30,
  "model": {
    "param_count": 1030313,
    "param_count_M": 1.030313,
    "ram_gb": 0.00415962,
    "total_mb": 4.15962
  },
  "compute": {
    "gflops_forward": 2.2414336,
    "gflops_note": "thop"
  },
  "latency": {
    "frames_profiled": 36520,
    "frames_after_warmup": 36510,
    "warmup_frames": 10,
    "stages_ms": {
      "feature_extractor": 14.46514625003244,
      "heatmap": 0.7101625688751572,
      "uv_extraction": 0.27435478805103913,
      "uv_to_pixels": 0.04664152561934622
    },
    "stages_ms_std": {
      "feature_extractor": 1.2057548153393998,
      "heatmap": 0.1902323707350625,
      "uv_extraction": 0.08056367805386444,
      "uv_to_pixels": 0.01708670095840234
    },
    "total_ms_per_frame": 15.496305132577984,
    "total_ms_std": 1.2553930490512228,
    "fps": 64.53151196007965
  },
  "memory": {
    "peak_inference_gb": 4.0624e-05,
    "peak_source": "CPU RAM"
  },
  "splits": {
    "freihand_eval": {
      "n_frames": 3960,
      "mpjpe": 0.14619648323648354,
      "pck_taus": [
        0.0,
        1.0,
        2.0,
        3.0,
        4.0,
        5.0,
        6.0,
        7.0,
        8.0,
        9.0,
        10.0,
        11.0,
        12.0,
        13.0,
        14.0,
        15.0,
        16.0,
        17.0,
        18.0,
        19.0,
        20.0,
        21.0,
        22.0,
        23.0,
        24.0,
        25.0,
        26.0,
        27.0,
        28.0,
        29.0,
        30.0
      ],
      "pck_curve": [
        0.0,
        1.4225589225589226,
        5.131072631072631,
        10.53872053872054,
        17.412217412217412,
        25.226070226070224,
        33.74338624338624,
        42.58898508898509,
        50.12626262626263,
        56.52717652717653,
        61.816979316979314,
        66.17604617604617,
        69.87974987974988,
        72.94733044733044,
        75.49182299182299,
        77.68398268398269,
        79.46007696007696,
        80.98244348244347,
        82.38936988936989,
        83.68326118326118,
        84.75949975949976,
        85.72751322751323,
        86.66185666185666,
        87.49158249158249,
        88.25517075517075,
        88.96464646464646,
        89.5971620971621,
        90.2104377104377,
        90.74915824915824,
        91.26863876863877,
        91.73160173160173
      ],
      "auc_pck": 64.092632675966
    },
    "freihand_train": {
      "n_frames": 32560,
      "mpjpe": 0.14882121600150028,
      "pck_taus": [
        0.0,
        1.0,
        2.0,
        3.0,
        4.0,
        5.0,
        6.0,
        7.0,
        8.0,
        9.0,
        10.0,
        11.0,
        12.0,
        13.0,
        14.0,
        15.0,
        16.0,
        17.0,
        18.0,
        19.0,
        20.0,
        21.0,
        22.0,
        23.0,
        24.0,
        25.0,
        26.0,
        27.0,
        28.0,
        29.0,
        30.0
      ],
      "pck_curve": [
        0.0,
        1.4386626886626885,
        5.0668363168363175,
        10.503685503685503,
        17.323476073476073,
        25.07210132210132,
        33.46320346320346,
        41.6486778986779,
        48.73274248274248,
        54.76892476892476,
        59.90815490815491,
        64.36629811629811,
        68.1506669006669,
        71.33818883818884,
        73.99336024336024,
        76.29855504855504,
        78.31753831753832,
        80.08511758511759,
        81.63449163449164,
        83.00704925704926,
        84.19035919035919,
        85.28708903708903,
        86.26857376857376,
        87.15119340119341,
        87.95805545805547,
        88.6983736983737,
        89.37565812565813,
        89.99414999414999,
        90.56613431613431,
        91.10755235755235,
        91.60992160992161
      ],
      "auc_pck": 63.38399438399438
    }
  }
}