{
  "timestamp": "2026-06-06T04:07:40",
  "checkpoint": "checkpoints_finetuned/taylor_10pct/ft_taylor_10pct_rhdbest.pth",
  "arch": "pruned_architectures/detnet_taylor_10pct_ep71_noft.pth",
  "dataset": "both",
  "split": "eval",
  "device": "cpu",
  "max_samples": 999999,
  "tau_min": 0,
  "tau_max": 30,
  "model": {
    "param_count": 9292824,
    "param_count_M": 9.292824,
    "ram_gb": 0.03728556,
    "total_mb": 37.28556
  },
  "compute": {
    "gflops_forward": 19.948705792,
    "gflops_note": "thop"
  },
  "latency": {
    "frames_profiled": 36520,
    "frames_after_warmup": 36510,
    "warmup_frames": 10,
    "stages_ms": {
      "feature_extractor": 55.63838456347187,
      "heatmap": 2.6825949328163827,
      "uv_extraction": 0.2965537250003443,
      "uv_to_pixels": 0.05236995279925698
    },
    "stages_ms_std": {
      "feature_extractor": 2.1447716569153292,
      "heatmap": 0.09769030504547553,
      "uv_extraction": 0.02037892631589174,
      "uv_to_pixels": 0.006383902896741901
    },
    "total_ms_per_frame": 58.66990317408785,
    "total_ms_std": 2.1791363196868816,
    "fps": 17.04451423812235
  },
  "memory": {
    "peak_inference_gb": 4.0624e-05,
    "peak_source": "CPU RAM"
  },
  "splits": {
    "freihand_eval": {
      "n_frames": 3960,
      "mpjpe": 0.11573679168247665,
      "pck_taus": [
        0.0,
        1.0,
        2.0,
        3.0,
        4.0,
        5.0,
        6.0,
        7.0,
        8.0,
        9.0,
        10.0,
        11.0,
        12.0,
        13.0,
        14.0,
        15.0,
        16.0,
        17.0,
        18.0,
        19.0,
        20.0,
        21.0,
        22.0,
        23.0,
        24.0,
        25.0,
        26.0,
        27.0,
        28.0,
        29.0,
        30.0
      ],
      "pck_curve": [
        0.0,
        1.5957190957190959,
        5.9824434824434825,
        12.33886483886484,
        20.51707551707552,
        29.78595478595479,
        39.7991822991823,
        49.935064935064936,
        58.64357864357864,
        65.55194805194805,
        71.04377104377105,
        75.53391053391053,
        79.06565656565657,
        81.89273689273689,
        84.15343915343915,
        85.92833092833094,
        87.45911495911496,
        88.78427128427128,
        89.84728234728234,
        90.72631072631071,
        91.55964405964406,
        92.22703222703223,
        92.81385281385282,
        93.25637325637327,
        93.70731120731121,
        94.12818662818663,
        94.50817700817701,
        94.84487734487735,
        95.1924001924002,
        95.496632996633,
        95.77200577200577
      ],
      "auc_pck": 70.14017155683821
    },
    "freihand_train": {
      "n_frames": 32560,
      "mpjpe": 0.1176814142814254,
      "pck_taus": [
        0.0,
        1.0,
        2.0,
        3.0,
        4.0,
        5.0,
        6.0,
        7.0,
        8.0,
        9.0,
        10.0,
        11.0,
        12.0,
        13.0,
        14.0,
        15.0,
        16.0,
        17.0,
        18.0,
        19.0,
        20.0,
        21.0,
        22.0,
        23.0,
        24.0,
        25.0,
        26.0,
        27.0,
        28.0,
        29.0,
        30.0
      ],
      "pck_curve": [
        0.0,
        1.6611091611091613,
        5.857757107757108,
        12.244500994500994,
        20.343541593541595,
        29.484029484029485,
        39.303849303849304,
        48.712559962559965,
        56.670469170469175,
        63.316807066807065,
        68.73888498888499,
        73.29867204867206,
        77.07031707031707,
        80.13294138294138,
        82.61217386217386,
        84.68687843687843,
        86.41409266409266,
        87.86972036972037,
        89.08505908505909,
        90.13016263016263,
        91.03457353457354,
        91.82359307359307,
        92.49458874458874,
        93.07783432783432,
        93.59044109044109,
        94.0501053001053,
        94.46940446940447,
        94.8451210951211,
        95.19246519246519,
        95.50295425295425,
        95.80364455364455
      ],
      "auc_pck": 69.38721432471431
    }
  }
}