{
  "timestamp": "2026-06-06T03:18:19",
  "checkpoint": "checkpoints_finetuned/l1_55pct/ft_l1_55pct_rhdbest.pth",
  "arch": "pruned_architectures/detnet_l1_55pct_ep71_noft.pth",
  "dataset": "both",
  "split": "eval",
  "device": "cpu",
  "max_samples": 999999,
  "tau_min": 0,
  "tau_max": 30,
  "model": {
    "param_count": 2329242,
    "param_count_M": 2.329242,
    "ram_gb": 0.00937432,
    "total_mb": 9.37432
  },
  "compute": {
    "gflops_forward": 5.027629056,
    "gflops_note": "thop"
  },
  "latency": {
    "frames_profiled": 36520,
    "frames_after_warmup": 36510,
    "warmup_frames": 10,
    "stages_ms": {
      "feature_extractor": 21.812814965923103,
      "heatmap": 1.1632210653228316,
      "uv_extraction": 0.285864790676555,
      "uv_to_pixels": 0.04856626929674972
    },
    "stages_ms_std": {
      "feature_extractor": 1.3881051100866728,
      "heatmap": 0.13677926275361277,
      "uv_extraction": 0.03340922366496984,
      "uv_to_pixels": 0.008009309212280819
    },
    "total_ms_per_frame": 23.31046709121924,
    "total_ms_std": 1.4393366300666388,
    "fps": 42.89918327619816
  },
  "memory": {
    "peak_inference_gb": 4.0624e-05,
    "peak_source": "CPU RAM"
  },
  "splits": {
    "freihand_eval": {
      "n_frames": 3960,
      "mpjpe": 0.13256363155263842,
      "pck_taus": [
        0.0,
        1.0,
        2.0,
        3.0,
        4.0,
        5.0,
        6.0,
        7.0,
        8.0,
        9.0,
        10.0,
        11.0,
        12.0,
        13.0,
        14.0,
        15.0,
        16.0,
        17.0,
        18.0,
        19.0,
        20.0,
        21.0,
        22.0,
        23.0,
        24.0,
        25.0,
        26.0,
        27.0,
        28.0,
        29.0,
        30.0
      ],
      "pck_curve": [
        0.0,
        1.5307840307840308,
        5.651755651755652,
        11.631794131794132,
        19.096921596921597,
        27.574555074555075,
        36.71476671476672,
        45.983645983645985,
        53.934583934583934,
        60.272967772967775,
        65.55435305435306,
        69.94227994227994,
        73.5942760942761,
        76.57527657527658,
        79.01274651274652,
        81.07623857623858,
        82.79100529100529,
        84.27368927368929,
        85.54954304954305,
        86.65223665223665,
        87.65873015873015,
        88.59307359307358,
        89.40476190476191,
        90.12265512265513,
        90.75877825877826,
        91.33357383357384,
        91.82419432419432,
        92.31962481962482,
        92.77056277056278,
        93.2034632034632,
        93.5930735930736
      ],
      "auc_pck": 66.73997915664583
    },
    "freihand_train": {
      "n_frames": 32560,
      "mpjpe": 0.13031274218247238,
      "pck_taus": [
        0.0,
        1.0,
        2.0,
        3.0,
        4.0,
        5.0,
        6.0,
        7.0,
        8.0,
        9.0,
        10.0,
        11.0,
        12.0,
        13.0,
        14.0,
        15.0,
        16.0,
        17.0,
        18.0,
        19.0,
        20.0,
        21.0,
        22.0,
        23.0,
        24.0,
        25.0,
        26.0,
        27.0,
        28.0,
        29.0,
        30.0
      ],
      "pck_curve": [
        0.0,
        1.6216216216216217,
        5.676260676260676,
        11.748420498420499,
        19.333099333099334,
        27.830086580086583,
        36.978618228618224,
        45.73461448461448,
        53.13852813852814,
        59.414414414414416,
        64.62984087984088,
        69.0961740961741,
        72.83930033930034,
        75.98806598806598,
        78.57991107991108,
        80.79194454194453,
        82.68325143325144,
        84.31072306072306,
        85.73549198549199,
        86.95975195975197,
        88.03118053118052,
        88.96703521703522,
        89.79042354042353,
        90.52737802737802,
        91.19705744705745,
        91.8085293085293,
        92.3603311103311,
        92.86679536679536,
        93.31241956241956,
        93.72923247923248,
        94.11664911664911
      ],
      "auc_pck": 66.75796088296087
    }
  }
}