{
  "timestamp": "2026-06-06T01:37:21",
  "checkpoint": "new_check_point/ckp_detnet_71.pth",
  "arch": null,
  "dataset": "both",
  "split": "eval",
  "device": "cpu",
  "max_samples": 999999,
  "tau_min": 0,
  "tau_max": 30,
  "model": {
    "param_count": 11503445,
    "param_count_M": 11.503445,
    "ram_gb": 0.04614086,
    "total_mb": 46.14086
  },
  "compute": {
    "gflops_forward": 24.69134336,
    "gflops_note": "thop"
  },
  "latency": {
    "frames_profiled": 36520,
    "frames_after_warmup": 36510,
    "warmup_frames": 10,
    "stages_ms": {
      "feature_extractor": 56.04062270068532,
      "heatmap": 3.008064130575339,
      "uv_extraction": 0.2875361076588797,
      "uv_to_pixels": 0.051129230274378816
    },
    "stages_ms_std": {
      "feature_extractor": 2.434044407028059,
      "heatmap": 0.10669340793309202,
      "uv_extraction": 0.01894015737744085,
      "uv_to_pixels": 0.006705655180039111
    },
    "total_ms_per_frame": 59.38735216919392,
    "total_ms_std": 2.468576620169957,
    "fps": 16.838602218718407
  },
  "memory": {
    "peak_inference_gb": 4.0624e-05,
    "peak_source": "CPU RAM"
  },
  "splits": {
    "freihand_eval": {
      "n_frames": 3960,
      "mpjpe": 0.12118257878799782,
      "pck_taus": [
        0.0,
        1.0,
        2.0,
        3.0,
        4.0,
        5.0,
        6.0,
        7.0,
        8.0,
        9.0,
        10.0,
        11.0,
        12.0,
        13.0,
        14.0,
        15.0,
        16.0,
        17.0,
        18.0,
        19.0,
        20.0,
        21.0,
        22.0,
        23.0,
        24.0,
        25.0,
        26.0,
        27.0,
        28.0,
        29.0,
        30.0
      ],
      "pck_curve": [
        0.0,
        1.545214045214045,
        5.764790764790765,
        11.927609427609427,
        19.805194805194805,
        28.804713804713806,
        38.537758537758535,
        48.268398268398265,
        56.82419432419432,
        63.70370370370371,
        69.35064935064935,
        73.73376623376623,
        77.35449735449735,
        80.18278018278018,
        82.56493506493506,
        84.45767195767195,
        86.04617604617604,
        87.37253487253487,
        88.46560846560847,
        89.39514189514189,
        90.34030784030784,
        91.03415103415104,
        91.64502164502164,
        92.1969696969697,
        92.73929773929774,
        93.21909571909572,
        93.67243867243867,
        94.04280904280904,
        94.41438191438192,
        94.75709475709476,
        95.04208754208754
      ],
      "auc_pck": 68.98959836459836
    },
    "freihand_train": {
      "n_frames": 32560,
      "mpjpe": 0.12208480107608304,
      "pck_taus": [
        0.0,
        1.0,
        2.0,
        3.0,
        4.0,
        5.0,
        6.0,
        7.0,
        8.0,
        9.0,
        10.0,
        11.0,
        12.0,
        13.0,
        14.0,
        15.0,
        16.0,
        17.0,
        18.0,
        19.0,
        20.0,
        21.0,
        22.0,
        23.0,
        24.0,
        25.0,
        26.0,
        27.0,
        28.0,
        29.0,
        30.0
      ],
      "pck_curve": [
        0.0,
        1.6036328536328537,
        5.672896922896923,
        11.815695565695565,
        19.605124605124605,
        28.479583479583482,
        38.06364806364807,
        47.32596232596233,
        55.2481864981865,
        61.83909558909559,
        67.25400725400725,
        71.82242307242306,
        75.6054756054756,
        78.73581373581374,
        81.28627003627004,
        83.3985608985609,
        85.16862641862642,
        86.68962793962794,
        87.96712296712298,
        89.04410904410905,
        89.98478998478998,
        90.80130455130455,
        91.53021528021527,
        92.17590967590968,
        92.75740025740026,
        93.28185328185327,
        93.75307125307125,
        94.17412542412542,
        94.55656955656956,
        94.91224991224992,
        95.23517023517023
      ],
      "auc_pck": 68.4056979056979
    }
  }
}