{
  "timestamp": "2026-06-06T04:55:05",
  "checkpoint": "checkpoints_finetuned/taylor_40pct/ft_taylor_40pct_rhdbest.pth",
  "arch": "pruned_architectures/detnet_taylor_40pct_ep71_noft.pth",
  "dataset": "both",
  "split": "eval",
  "device": "cpu",
  "max_samples": 999999,
  "tau_min": 0,
  "tau_max": 30,
  "model": {
    "param_count": 4124747,
    "param_count_M": 4.124747,
    "ram_gb": 0.016575292,
    "total_mb": 16.575292
  },
  "compute": {
    "gflops_forward": 8.884568064,
    "gflops_note": "thop"
  },
  "latency": {
    "frames_profiled": 36520,
    "frames_after_warmup": 36510,
    "warmup_frames": 10,
    "stages_ms": {
      "feature_extractor": 30.92592363196362,
      "heatmap": 1.4887873703565155,
      "uv_extraction": 0.2819346092554369,
      "uv_to_pixels": 0.05110893694105372
    },
    "stages_ms_std": {
      "feature_extractor": 1.7078315514317326,
      "heatmap": 0.10826762868183537,
      "uv_extraction": 0.02311634603842817,
      "uv_to_pixels": 0.00813387702395209
    },
    "total_ms_per_frame": 32.747754548516625,
    "total_ms_std": 1.7621537214182847,
    "fps": 30.536444827643823
  },
  "memory": {
    "peak_inference_gb": 4.0624e-05,
    "peak_source": "CPU RAM"
  },
  "splits": {
    "freihand_eval": {
      "n_frames": 3960,
      "mpjpe": 0.12176112955944104,
      "pck_taus": [
        0.0,
        1.0,
        2.0,
        3.0,
        4.0,
        5.0,
        6.0,
        7.0,
        8.0,
        9.0,
        10.0,
        11.0,
        12.0,
        13.0,
        14.0,
        15.0,
        16.0,
        17.0,
        18.0,
        19.0,
        20.0,
        21.0,
        22.0,
        23.0,
        24.0,
        25.0,
        26.0,
        27.0,
        28.0,
        29.0,
        30.0
      ],
      "pck_curve": [
        0.0,
        1.545214045214045,
        5.785233285233285,
        12.103174603174603,
        20.046897546897547,
        29.14021164021164,
        38.7974987974988,
        48.63035113035113,
        56.987734487734485,
        63.821548821548824,
        69.25925925925925,
        73.6916786916787,
        77.24506974506976,
        80.06493506493506,
        82.38696488696489,
        84.33742183742183,
        85.88143338143338,
        87.27753727753728,
        88.40428090428091,
        89.34824434824435,
        90.18157768157768,
        90.87421837421837,
        91.54882154882155,
        92.12602212602212,
        92.63949013949015,
        93.08561808561808,
        93.48845598845598,
        93.86844636844637,
        94.24723424723425,
        94.56469456469456,
        94.87373737373737
      ],
      "auc_pck": 68.96053791887125
    },
    "freihand_train": {
      "n_frames": 32560,
      "mpjpe": 0.12317489884812065,
      "pck_taus": [
        0.0,
        1.0,
        2.0,
        3.0,
        4.0,
        5.0,
        6.0,
        7.0,
        8.0,
        9.0,
        10.0,
        11.0,
        12.0,
        13.0,
        14.0,
        15.0,
        16.0,
        17.0,
        18.0,
        19.0,
        20.0,
        21.0,
        22.0,
        23.0,
        24.0,
        25.0,
        26.0,
        27.0,
        28.0,
        29.0,
        30.0
      ],
      "pck_curve": [
        0.0,
        1.5901778401778401,
        5.6503744003744005,
        11.790686790686792,
        19.546039546039545,
        28.39154089154089,
        37.91491166491166,
        47.12399087399087,
        54.97601497601497,
        61.55463905463906,
        66.96633321633321,
        71.5509828009828,
        75.39121914121914,
        78.52448227448228,
        81.05885105885106,
        83.19732069732069,
        84.98903123903125,
        86.51749151749152,
        87.81370656370656,
        88.90751140751141,
        89.86881361881362,
        90.69366444366445,
        91.42272142272142,
        92.04720954720955,
        92.61144261144261,
        93.14042939042939,
        93.59146484146484,
        94.01719901719902,
        94.4103194103194,
        94.75503100503101,
        95.07151632151633
      ],
      "auc_pck": 68.25164531414532
    }
  }
}