{
  "timestamp": "2026-06-06T05:11:27",
  "checkpoint": "checkpoints_finetuned/taylor_55pct/ft_taylor_55pct_rhdbest.pth",
  "arch": "pruned_architectures/detnet_taylor_55pct_ep71_noft.pth",
  "dataset": "both",
  "split": "eval",
  "device": "cpu",
  "max_samples": 999999,
  "tau_min": 0,
  "tau_max": 30,
  "model": {
    "param_count": 2329242,
    "param_count_M": 2.329242,
    "ram_gb": 0.00937432,
    "total_mb": 9.37432
  },
  "compute": {
    "gflops_forward": 5.027629056,
    "gflops_note": "thop"
  },
  "latency": {
    "frames_profiled": 36520,
    "frames_after_warmup": 36510,
    "warmup_frames": 10,
    "stages_ms": {
      "feature_extractor": 21.981000794560508,
      "heatmap": 1.1669354727050436,
      "uv_extraction": 0.2828396925881507,
      "uv_to_pixels": 0.04778221349446937
    },
    "stages_ms_std": {
      "feature_extractor": 1.3900393593029643,
      "heatmap": 0.13951865097019522,
      "uv_extraction": 0.035697939839866334,
      "uv_to_pixels": 0.008030286959277553
    },
    "total_ms_per_frame": 23.478558173348173,
    "total_ms_std": 1.440266708616638,
    "fps": 42.59205325202448
  },
  "memory": {
    "peak_inference_gb": 4.0624e-05,
    "peak_source": "CPU RAM"
  },
  "splits": {
    "freihand_eval": {
      "n_frames": 3960,
      "mpjpe": 0.12897736325935283,
      "pck_taus": [
        0.0,
        1.0,
        2.0,
        3.0,
        4.0,
        5.0,
        6.0,
        7.0,
        8.0,
        9.0,
        10.0,
        11.0,
        12.0,
        13.0,
        14.0,
        15.0,
        16.0,
        17.0,
        18.0,
        19.0,
        20.0,
        21.0,
        22.0,
        23.0,
        24.0,
        25.0,
        26.0,
        27.0,
        28.0,
        29.0,
        30.0
      ],
      "pck_curve": [
        0.0,
        1.5331890331890332,
        5.634920634920635,
        11.677489177489178,
        19.29172679172679,
        28.14333814333814,
        37.46392496392497,
        46.84223184223184,
        54.97715247715248,
        61.67748917748918,
        67.05868205868207,
        71.45863395863395,
        75.03367003367003,
        77.97378547378547,
        80.34151034151034,
        82.31721981721982,
        83.98629148629149,
        85.44372294372295,
        86.68350168350169,
        87.74771524771525,
        88.67724867724867,
        89.500962000962,
        90.25853775853776,
        90.88023088023088,
        91.47546897546897,
        92.0069745069745,
        92.48677248677248,
        92.9064454064454,
        93.31529581529581,
        93.67243867243867,
        94.04280904280904
      ],
      "auc_pck": 67.58293249959917
    },
    "freihand_train": {
      "n_frames": 32560,
      "mpjpe": 0.13237891543738964,
      "pck_taus": [
        0.0,
        1.0,
        2.0,
        3.0,
        4.0,
        5.0,
        6.0,
        7.0,
        8.0,
        9.0,
        10.0,
        11.0,
        12.0,
        13.0,
        14.0,
        15.0,
        16.0,
        17.0,
        18.0,
        19.0,
        20.0,
        21.0,
        22.0,
        23.0,
        24.0,
        25.0,
        26.0,
        27.0,
        28.0,
        29.0,
        30.0
      ],
      "pck_curve": [
        0.0,
        1.4977477477477477,
        5.347051597051597,
        11.162834912834912,
        18.566163566163567,
        26.93020943020943,
        36.02989352989353,
        44.83064233064233,
        52.33751608751609,
        58.67234117234117,
        63.986486486486484,
        68.50751725751726,
        72.36047736047736,
        75.55399555399556,
        78.22598572598572,
        80.47019422019423,
        82.41692991692992,
        84.1055341055341,
        85.54054054054055,
        86.78834678834679,
        87.87045162045162,
        88.82970632970633,
        89.66654966654967,
        90.41301041301041,
        91.06967356967357,
        91.68085293085294,
        92.24523224523224,
        92.74599274599275,
        93.2034632034632,
        93.61588861588862,
        93.99716274716275
      ],
      "auc_pck": 66.3889937014937
    }
  }
}