{
  "timestamp": "2026-06-06T04:33:01",
  "checkpoint": "checkpoints_finetuned/taylor_25pct/ft_taylor_25pct_rhdbest.pth",
  "arch": "pruned_architectures/detnet_taylor_25pct_ep71_noft.pth",
  "dataset": "both",
  "split": "eval",
  "device": "cpu",
  "max_samples": 999999,
  "tau_min": 0,
  "tau_max": 30,
  "model": {
    "param_count": 6480261,
    "param_count_M": 6.480261,
    "ram_gb": 0.026016508,
    "total_mb": 26.016508
  },
  "compute": {
    "gflops_forward": 13.936754688,
    "gflops_note": "thop"
  },
  "latency": {
    "frames_profiled": 36520,
    "frames_after_warmup": 36510,
    "warmup_frames": 10,
    "stages_ms": {
      "feature_extractor": 36.036057704902134,
      "heatmap": 1.9633851601861845,
      "uv_extraction": 0.28162006296993414,
      "uv_to_pixels": 0.04919070150829205
    },
    "stages_ms_std": {
      "feature_extractor": 1.8292659891145744,
      "heatmap": 0.13164528407062867,
      "uv_extraction": 0.01969955283621558,
      "uv_to_pixels": 0.006969388578195365
    },
    "total_ms_per_frame": 38.33025362956654,
    "total_ms_std": 1.8795727084945095,
    "fps": 26.089052518782108
  },
  "memory": {
    "peak_inference_gb": 4.0624e-05,
    "peak_source": "CPU RAM"
  },
  "splits": {
    "freihand_eval": {
      "n_frames": 3960,
      "mpjpe": 0.11674448705250115,
      "pck_taus": [
        0.0,
        1.0,
        2.0,
        3.0,
        4.0,
        5.0,
        6.0,
        7.0,
        8.0,
        9.0,
        10.0,
        11.0,
        12.0,
        13.0,
        14.0,
        15.0,
        16.0,
        17.0,
        18.0,
        19.0,
        20.0,
        21.0,
        22.0,
        23.0,
        24.0,
        25.0,
        26.0,
        27.0,
        28.0,
        29.0,
        30.0
      ],
      "pck_curve": [
        0.0,
        1.568061568061568,
        5.806878306878307,
        12.094757094757094,
        20.123857623857624,
        29.29172679172679,
        39.106541606541604,
        49.1005291005291,
        57.61664261664262,
        64.67893217893219,
        70.31986531986531,
        74.94468494468495,
        78.57623857623858,
        81.43338143338144,
        83.81914381914382,
        85.75757575757575,
        87.26190476190476,
        88.57022607022607,
        89.67291967291968,
        90.57479557479557,
        91.43819143819144,
        92.11640211640211,
        92.74170274170274,
        93.3080808080808,
        93.76142376142376,
        94.18109668109668,
        94.56709956709956,
        94.9050024050024,
        95.2092352092352,
        95.51827801827801,
        95.77080327080327
      ],
      "auc_pck": 69.86501924001922
    },
    "freihand_train": {
      "n_frames": 32560,
      "mpjpe": 0.11966520589690527,
      "pck_taus": [
        0.0,
        1.0,
        2.0,
        3.0,
        4.0,
        5.0,
        6.0,
        7.0,
        8.0,
        9.0,
        10.0,
        11.0,
        12.0,
        13.0,
        14.0,
        15.0,
        16.0,
        17.0,
        18.0,
        19.0,
        20.0,
        21.0,
        22.0,
        23.0,
        24.0,
        25.0,
        26.0,
        27.0,
        28.0,
        29.0,
        30.0
      ],
      "pck_curve": [
        0.0,
        1.6472153972153971,
        5.817977067977068,
        12.128378378378377,
        20.05806130806131,
        29.06867906867907,
        38.75965250965251,
        48.08792558792559,
        55.999327249327244,
        62.61743886743887,
        68.02108927108928,
        72.55469755469755,
        76.34199134199135,
        79.43752193752194,
        81.94922194922195,
        84.06385281385282,
        85.84488709488708,
        87.33517608517609,
        88.5995085995086,
        89.67664092664093,
        90.6016731016731,
        91.41745641745642,
        92.11872586872587,
        92.72420147420148,
        93.26225576225576,
        93.75424125424125,
        94.18304668304668,
        94.57909207909208,
        94.93872118872119,
        95.26559026559026,
        95.56979056979057
      ],
      "auc_pck": 68.95463807963807
    }
  }
}